/u/zhengw14/data/uniform-s100000-ss10-u50-dedup-raw.txt,mpjoin_PEL,jaccard,0.9,set_sim_join_candonly,0,,,,,,,,,,,,,128,0,380,,,,,,,,,,,,,,,,,,,,,
/u/zhengw14/data/uniform-s100000-ss10-u50-dedup-raw.txt,ppjoin,jaccard,0.85,set_sim_join_ext_stat,19,200787,74133098,64282247,64282247,120,267,38,83495222,1280579061,128564456,,2635029,128,0,1172,,,,,,,,,,,,,,,,,,,,,
/u/zhengw14/data/uniform-s100000-ss10-u50-dedup-raw.txt,ppjoin,jaccard,0.9,set_sim_join_nostat,0,,,,,,,,,,,,,128,0,564,,,,,,,,,,,,,,,,,,,,,
/u/zhengw14/data/uniform-s100000-ss10-u50-dedup-raw.txt,allpairs,jaccard,0.5,set_sim_join_candonly,0,,,,,,,,,,,,,124,0,14836,,,,,,,,,,,,,,,,,,,,,
/u/zhengw14/data/uniform-s100000-ss10-u50-dedup-raw.txt,ppjoin,jaccard,0.9,set_sim_join_ext_stat,0,154493,36862704,36860217,36860217,,,,47888361,762035835,73720434,,864,128,0,632,,,,,,,,,,,,,,,,,,,,,
/u/zhengw14/data/uniform-s100000-ss10-u50-dedup-raw.txt,allpairs,jaccard,0.75,set_sim_join_ext_stat,591,312555,448994615,430267018,430267018,2439,6001,1182,366076765,9055095950,860532854,,234415460,128,0,7080,,,,,,,,,,,,,,,,,,,,,
/u/zhengw14/data/uniform-s100000-ss10-u50-dedup-raw.txt,allpairs,jaccard,0.6,set_sim_join_nostat,15413,,,,,,,,,,,,,132,0,23792,,,,,,,,,,,,,,,,,,,,,
/u/zhengw14/data/uniform-s100000-ss10-u50-dedup-raw.txt,groupjoin,jaccard,0.6,set_sim_join_candonly,0,,,,,,,,,,,,,128,0,8460,,,,,,,,,,,,,,,,,,,,,
/u/zhengw14/data/uniform-s100000-ss10-u50-dedup-raw.txt,PPjoin+,jaccard,0.5,set_sim_join_candonly,0,,,,,,,,,,,,,128,0,73036,,,,,,,,,,,,,,,,,,,,,
/u/zhengw14/data/uniform-s100000-ss10-u50-dedup-raw.txt,adaptjoin,jaccard,0.8,set_sim_join_ext_stat,184,1730770,852809933,249941309,5759170,637,1910,368,11413270,114816358,11517972,,,132,0,3308,4120,39874,46064,9676,200,1,,,,,,,,,,,,,,,
/u/zhengw14/data/uniform-s100000-ss10-u50-dedup-raw.txt,allpairs,jaccard,0.6,set_sim_join_ext_stat,15413,459967,1460925800,1273621036,1273621036,88095,217218,30826,1325489946,27323373435,2547211246,,811616746,128,0,26996,,,,,,,,,,,,,,,,,,,,,
/u/zhengw14/data/uniform-s100000-ss10-u50-dedup-raw.txt,mpjoin_PEL,jaccard,0.9,set_sim_join_nostat,0,,,,,,,,,,,,,128,0,632,,,,,,,,,,,,,,,,,,,,,
/u/zhengw14/data/uniform-s100000-ss10-u50-dedup-raw.txt,mpjoin,jaccard,0.85,set_sim_join_ext_stat,19,200787,74133098,64282247,64282247,120,267,38,87816771,1280579061,128564456,,839,128,0,1356,,,,,,,,,,,,,,,,,,,,,
/u/zhengw14/data/uniform-s100000-ss10-u50-dedup-raw.txt,mpjoin,jaccard,0.75,set_sim_join_nostat,591,,,,,,,,,,,,,132,0,6816,,,,,,,,,,,,,,,,,,,,,
/u/zhengw14/data/uniform-s100000-ss10-u50-dedup-raw.txt,allpairs,jaccard,0.75,set_sim_join_nostat,591,,,,,,,,,,,,,132,0,6072,,,,,,,,,,,,,,,,,,,,,
/u/zhengw14/data/uniform-s100000-ss10-u50-dedup-raw.txt,adaptjoin,jaccard,0.85,set_sim_join_ext_stat,19,1243949,308666545,73679933,6624104,97,267,38,12902776,130790595,13248170,,,136,0,1064,8309,65351,24661,1601,13,,,,,,,,,,,,,,,,
/u/zhengw14/data/uniform-s100000-ss10-u50-dedup-raw.txt,adaptjoin,jaccard,0.9,set_sim_join_ext_stat,0,978848,160782555,36862621,4542360,,,,8552647,95891276,9084720,,,128,0,552,13766,73201,12902,66,,,,,,,,,,,,,,,,,
/u/zhengw14/data/uniform-s100000-ss10-u50-dedup-raw.txt,groupjoin,jaccard,0.9,set_sim_join_nostat,0,,,,,,,,,,,,,128,0,240,,,,,,,,,,,,,,,,,,,,,
/u/zhengw14/data/uniform-s100000-ss10-u50-dedup-raw.txt,allpairs,jaccard,0.55,set_sim_join_ext_stat,42848,501092,1790339151,1520884932,1520884932,256952,638512,85696,1876662779,32566241132,3041684168,,948489111,128,0,35460,,,,,,,,,,,,,,,,,,,,,
/u/zhengw14/data/uniform-s100000-ss10-u50-dedup-raw.txt,adaptjoin,jaccard,0.85,set_sim_join_nostat,19,,,,,,,,,,,,,132,0,1028,,,,,,,,,,,,,,,,,,,,,
/u/zhengw14/data/uniform-s100000-ss10-u50-dedup-raw.txt,mpjoin_PEL,jaccard,0.65,set_sim_join_candonly,0,,,,,,,,,,,,,132,0,8180,,,,,,,,,,,,,,,,,,,,,
/u/zhengw14/data/uniform-s100000-ss10-u50-dedup-raw.txt,allpairs,jaccard,0.7,set_sim_join_ext_stat,1308,356675,650249961,611205083,611205083,6705,16131,2616,586930539,12983655486,1222407550,,340616700,128,0,10896,,,,,,,,,,,,,,,,,,,,,
/u/zhengw14/data/uniform-s100000-ss10-u50-dedup-raw.txt,mpjoin,jaccard,0.7,set_sim_join_nostat,1308,,,,,,,,,,,,,128,0,10392,,,,,,,,,,,,,,,,,,,,,
/u/zhengw14/data/uniform-s100000-ss10-u50-dedup-raw.txt,adaptjoin,jaccard,0.5,set_sim_join_nostat,262364,,,,,,,,,,,,,132,0,30412,,,,,,,,,,,,,,,,,,,,,
/u/zhengw14/data/uniform-s100000-ss10-u50-dedup-raw.txt,mpjoin_PEL,jaccard,0.55,set_sim_join_candonly,0,,,,,,,,,,,,,132,0,16844,,,,,,,,,,,,,,,,,,,,,
/u/zhengw14/data/uniform-s100000-ss10-u50-dedup-raw.txt,mpjoin,jaccard,0.7,set_sim_join_ext_stat,1308,356675,634711937,352393340,352393340,6724,16131,2616,598396464,7361827982,704784064,,11059546,132,0,11148,,,,,,,,,,,,,,,,,,,,,
/u/zhengw14/data/uniform-s100000-ss10-u50-dedup-raw.txt,adaptjoin,jaccard,0.6,set_sim_join_ext_stat,15413,3374010,3508888692,1273621036,12013625,55315,205427,27896,38887188,258660058,23996424,,,132,0,18392,610,11500,37698,34950,12537,2328,293,19,,,,,,,,,,,,,
/u/zhengw14/data/uniform-s100000-ss10-u50-dedup-raw.txt,PPjoin+,jaccard,0.55,set_sim_join_ext_stat,42848,501092,1790339151,110050323,110050323,236859,638512,85696,168441166,2602355849,220014950,,39855471,128,0,47704,,,,,,,,,,,,,,,,,,,,,
/u/zhengw14/data/uniform-s100000-ss10-u50-dedup-raw.txt,adaptjoin,jaccard,0.55,set_sim_join_ext_stat,42848,3713413,4157123698,1520884932,14925482,153577,593922,77468,54950344,328182466,29765268,,,132,0,22860,564,9996,32723,37384,14969,3624,616,59,,,,,,,,,,,,,
/u/zhengw14/data/uniform-s100000-ss10-u50-dedup-raw.txt,adaptjoin,jaccard,0.9,set_sim_join_candonly,0,,,,,,,,,,,,,132,0,456,,,,,,,,,,,,,,,,,,,,,
/u/zhengw14/data/uniform-s100000-ss10-u50-dedup-raw.txt,groupjoin,jaccard,0.55,set_sim_join_candonly,0,,,,,,,,,,,,,128,0,11800,,,,,,,,,,,,,,,,,,,,,
/u/zhengw14/data/uniform-s100000-ss10-u50-dedup-raw.txt,ppjoin,jaccard,0.7,set_sim_join_candonly,0,,,,,,,,,,,,,136,0,4588,,,,,,,,,,,,,,,,,,,,,
/u/zhengw14/data/uniform-s100000-ss10-u50-dedup-raw.txt,mpjoin_PEL,jaccard,0.5,set_sim_join_candonly,0,,,,,,,,,,,,,132,0,24832,,,,,,,,,,,,,,,,,,,,,
/u/zhengw14/data/uniform-s100000-ss10-u50-dedup-raw.txt,adaptjoin,jaccard,0.75,set_sim_join_candonly,0,,,,,,,,,,,,,128,0,4952,,,,,,,,,,,,,,,,,,,,,
/u/zhengw14/data/uniform-s100000-ss10-u50-dedup-raw.txt,mpjoin_PEL,jaccard,0.7,set_sim_join_ext_stat,1308,356675,556590259,352393340,352393340,6730,16131,2616,621871846,7361827982,704784064,,,132,0,10452,,,,,,,,,,,,,,,,,,,,,
/u/zhengw14/data/uniform-s100000-ss10-u50-dedup-raw.txt,PPjoin+,jaccard,0.65,set_sim_join_ext_stat,3962,400261,949988864,24314058,24314058,19129,48898,7924,32749348,566557347,48620192,,6429545,128,0,19384,,,,,,,,,,,,,,,,,,,,,
/u/zhengw14/data/uniform-s100000-ss10-u50-dedup-raw.txt,allpairs,jaccard,0.7,set_sim_join_candonly,0,,,,,,,,,,,,,128,0,3260,,,,,,,,,,,,,,,,,,,,,
/u/zhengw14/data/uniform-s100000-ss10-u50-dedup-raw.txt,mpjoin_PEL,jaccard,0.7,set_sim_join_nostat,1308,,,,,,,,,,,,,132,0,9276,,,,,,,,,,,,,,,,,,,,,
/u/zhengw14/data/uniform-s100000-ss10-u50-dedup-raw.txt,mpjoin,jaccard,0.65,set_sim_join_nostat,3962,,,,,,,,,,,,,132,0,15588,,,,,,,,,,,,,,,,,,,,,
/u/zhengw14/data/uniform-s100000-ss10-u50-dedup-raw.txt,groupjoin,jaccard,0.8,set_sim_join_ext_stat,184,135496,50618592,23505822,138298194,804,1910,368,152177754,2846041914,276596020,,33154906,132,0,1852,,,,,,,,,,,,,,,,,,,,,
/u/zhengw14/data/uniform-s100000-ss10-u50-dedup-raw.txt,allpairs,jaccard,0.8,set_sim_join_candonly,0,,,,,,,,,,,,,140,0,1132,,,,,,,,,,,,,,,,,,,,,
/u/zhengw14/data/uniform-s100000-ss10-u50-dedup-raw.txt,mpjoin,jaccard,0.8,set_sim_join_candonly,0,,,,,,,,,,,,,128,0,2384,,,,,,,,,,,,,,,,,,,,,
/u/zhengw14/data/uniform-s100000-ss10-u50-dedup-raw.txt,PPjoin+,jaccard,0.7,set_sim_join_candonly,0,,,,,,,,,,,,,128,0,11756,,,,,,,,,,,,,,,,,,,,,
/u/zhengw14/data/uniform-s100000-ss10-u50-dedup-raw.txt,adaptjoin,jaccard,0.95,set_sim_join_ext_stat,0,770614,45846373,11447920,998677,,,,1353364,18413070,1997354,,,128,0,200,19072,71709,9012,142,,,,,,,,,,,,,,,,,
/u/zhengw14/data/uniform-s100000-ss10-u50-dedup-raw.txt,ppjoin,jaccard,0.6,set_sim_join_candonly,0,,,,,,,,,,,,,136,0,11640,,,,,,,,,,,,,,,,,,,,,
/u/zhengw14/data/uniform-s100000-ss10-u50-dedup-raw.txt,PPjoin+,jaccard,0.7,set_sim_join_nostat,1308,,,,,,,,,,,,,132,0,12020,,,,,,,,,,,,,,,,,,,,,
/u/zhengw14/data/uniform-s100000-ss10-u50-dedup-raw.txt,mpjoin,jaccard,0.75,set_sim_join_candonly,0,,,,,,,,,,,,,128,0,4280,,,,,,,,,,,,,,,,,,,,,
/u/zhengw14/data/uniform-s100000-ss10-u50-dedup-raw.txt,PPjoin+,jaccard,0.7,set_sim_join_ext_stat,1308,356675,650249961,10713727,10713727,6539,16131,2616,14887356,247126504,21424838,,1608705,128,0,12004,,,,,,,,,,,,,,,,,,,,,
/u/zhengw14/data/uniform-s100000-ss10-u50-dedup-raw.txt,groupjoin,jaccard,0.7,set_sim_join_nostat,1308,,,,,,,,,,,,,128,0,6728,,,,,,,,,,,,,,,,,,,,,
/u/zhengw14/data/uniform-s100000-ss10-u50-dedup-raw.txt,mpjoin_PEL,jaccard,0.75,set_sim_join_nostat,591,,,,,,,,,,,,,128,0,5952,,,,,,,,,,,,,,,,,,,,,
/u/zhengw14/data/uniform-s100000-ss10-u50-dedup-raw.txt,PPjoin+,jaccard,0.8,set_sim_join_candonly,0,,,,,,,,,,,,,132,0,3936,,,,,,,,,,,,,,,,,,,,,
/u/zhengw14/data/uniform-s100000-ss10-u50-dedup-raw.txt,ppjoin,jaccard,0.55,set_sim_join_candonly,0,,,,,,,,,,,,,136,0,14928,,,,,,,,,,,,,,,,,,,,,
/u/zhengw14/data/uniform-s100000-ss10-u50-dedup-raw.txt,groupjoin,jaccard,0.5,set_sim_join_nostat,262364,,,,,,,,,,,,,132,0,46476,,,,,,,,,,,,,,,,,,,,,
/u/zhengw14/data/uniform-s100000-ss10-u50-dedup-raw.txt,groupjoin,jaccard,0.5,set_sim_join_candonly,0,,,,,,,,,,,,,136,0,18292,,,,,,,,,,,,,,,,,,,,,
/u/zhengw14/data/uniform-s100000-ss10-u50-dedup-raw.txt,PPjoin+,jaccard,0.85,set_sim_join_candonly,0,,,,,,,,,,,,,128,0,1348,,,,,,,,,,,,,,,,,,,,,
/u/zhengw14/data/uniform-s100000-ss10-u50-dedup-raw.txt,PPjoin+,jaccard,0.95,set_sim_join_candonly,0,,,,,,,,,,,,,128,0,220,,,,,,,,,,,,,,,,,,,,,
/u/zhengw14/data/uniform-s100000-ss10-u50-dedup-raw.txt,adaptjoin,jaccard,0.95,set_sim_join_candonly,0,,,,,,,,,,,,,124,0,180,,,,,,,,,,,,,,,,,,,,,
/u/zhengw14/data/uniform-s100000-ss10-u50-dedup-raw.txt,allpairs,jaccard,0.65,set_sim_join_nostat,3962,,,,,,,,,,,,,128,0,14576,,,,,,,,,,,,,,,,,,,,,
/u/zhengw14/data/uniform-s100000-ss10-u50-dedup-raw.txt,PPjoin+,jaccard,0.65,set_sim_join_candonly,0,,,,,,,,,,,,,132,0,18508,,,,,,,,,,,,,,,,,,,,,
/u/zhengw14/data/uniform-s100000-ss10-u50-dedup-raw.txt,groupjoin,jaccard,0.75,set_sim_join_candonly,0,,,,,,,,,,,,,128,0,880,,,,,,,,,,,,,,,,,,,,,
/u/zhengw14/data/uniform-s100000-ss10-u50-dedup-raw.txt,ppjoin,jaccard,0.6,set_sim_join_nostat,15413,,,,,,,,,,,,,128,0,21000,,,,,,,,,,,,,,,,,,,,,
/u/zhengw14/data/uniform-s100000-ss10-u50-dedup-raw.txt,groupjoin,jaccard,0.9,set_sim_join_ext_stat,0,31813,835025,832595,36860217,,,,47431395,762035835,73720434,,864,128,0,344,,,,,,,,,,,,,,,,,,,,,
/u/zhengw14/data/uniform-s100000-ss10-u50-dedup-raw.txt,mpjoin,jaccard,0.5,set_sim_join_candonly,0,,,,,,,,,,,,,128,0,27244,,,,,,,,,,,,,,,,,,,,,
/u/zhengw14/data/uniform-s100000-ss10-u50-dedup-raw.txt,allpairs,jaccard,0.9,set_sim_join_candonly,0,,,,,,,,,,,,,128,0,160,,,,,,,,,,,,,,,,,,,,,
/u/zhengw14/data/uniform-s100000-ss10-u50-dedup-raw.txt,PPjoin+,jaccard,0.55,set_sim_join_nostat,42848,,,,,,,,,,,,,132,0,47108,,,,,,,,,,,,,,,,,,,,,
/u/zhengw14/data/uniform-s100000-ss10-u50-dedup-raw.txt,PPjoin+,jaccard,0.55,set_sim_join_candonly,0,,,,,,,,,,,,,128,0,44644,,,,,,,,,,,,,,,,,,,,,
/u/zhengw14/data/uniform-s100000-ss10-u50-dedup-raw.txt,allpairs,jaccard,0.95,set_sim_join_ext_stat,0,100281,11447920,11447920,11447920,,,,12582715,210587041,22895840,,,124,0,180,,,,,,,,,,,,,,,,,,,,,
/u/zhengw14/data/uniform-s100000-ss10-u50-dedup-raw.txt,PPjoin+,jaccard,0.6,set_sim_join_candonly,0,,,,,,,,,,,,,136,0,32300,,,,,,,,,,,,,,,,,,,,,
/u/zhengw14/data/uniform-s100000-ss10-u50-dedup-raw.txt,adaptjoin,jaccard,0.6,set_sim_join_candonly,0,,,,,,,,,,,,,152,0,16680,,,,,,,,,,,,,,,,,,,,,
/u/zhengw14/data/uniform-s100000-ss10-u50-dedup-raw.txt,mpjoin_PEL,jaccard,0.7,set_sim_join_candonly,0,,,,,,,,,,,,,132,0,5580,,,,,,,,,,,,,,,,,,,,,
/u/zhengw14/data/uniform-s100000-ss10-u50-dedup-raw.txt,allpairs,jaccard,0.65,set_sim_join_candonly,0,,,,,,,,,,,,,128,0,5060,,,,,,,,,,,,,,,,,,,,,
/u/zhengw14/data/uniform-s100000-ss10-u50-dedup-raw.txt,allpairs,jaccard,0.5,set_sim_join_nostat,262364,,,,,,,,,,,,,128,0,45896,,,,,,,,,,,,,,,,,,,,,
/u/zhengw14/data/uniform-s100000-ss10-u50-dedup-raw.txt,groupjoin,jaccard,0.7,set_sim_join_ext_stat,1308,275951,357192012,180573195,352393340,6520,16131,2616,398162313,7361827982,704784064,,113276397,132,0,7916,,,,,,,,,,,,,,,,,,,,,
/u/zhengw14/data/uniform-s100000-ss10-u50-dedup-raw.txt,groupjoin,jaccard,0.65,set_sim_join_nostat,3962,,,,,,,,,,,,,128,0,11568,,,,,,,,,,,,,,,,,,,,,
/u/zhengw14/data/uniform-s100000-ss10-u50-dedup-raw.txt,adaptjoin,jaccard,0.7,set_sim_join_candonly,0,,,,,,,,,,,,,132,0,7224,,,,,,,,,,,,,,,,,,,,,
/u/zhengw14/data/uniform-s100000-ss10-u50-dedup-raw.txt,mpjoin_PEL,jaccard,0.55,set_sim_join_nostat,42848,,,,,,,,,,,,,128,0,32000,,,,,,,,,,,,,,,,,,,,,
/u/zhengw14/data/uniform-s100000-ss10-u50-dedup-raw.txt,ppjoin,jaccard,0.8,set_sim_join_candonly,0,,,,,,,,,,,,,128,0,1668,,,,,,,,,,,,,,,,,,,,,
/u/zhengw14/data/uniform-s100000-ss10-u50-dedup-raw.txt,ppjoin,jaccard,0.5,set_sim_join_ext_stat,262364,574948,2464480237,1369244615,1369244615,1512881,4342213,524728,1726012463,29210688660,2737964502,559,661903168,132,0,47376,,,,,,,,,,,,,,,,,,,,,
/u/zhengw14/data/uniform-s100000-ss10-u50-dedup-raw.txt,mpjoin_PEL,jaccard,0.8,set_sim_join_nostat,184,,,,,,,,,,,,,132,0,3216,,,,,,,,,,,,,,,,,,,,,
/u/zhengw14/data/uniform-s100000-ss10-u50-dedup-raw.txt,groupjoin,jaccard,0.65,set_sim_join_candonly,0,,,,,,,,,,,,,128,0,4260,,,,,,,,,,,,,,,,,,,,,
/u/zhengw14/data/uniform-s100000-ss10-u50-dedup-raw.txt,mpjoin_PEL,jaccard,0.85,set_sim_join_ext_stat,19,200787,70418615,64282247,64282247,120,267,38,87873411,1280579061,128564456,,,120,0,1348,,,,,,,,,,,,,,,,,,,,,
/u/zhengw14/data/uniform-s100000-ss10-u50-dedup-raw.txt,ppjoin,jaccard,0.9,set_sim_join_candonly,0,,,,,,,,,,,,,136,0,284,,,,,,,,,,,,,,,,,,,,,
/u/zhengw14/data/uniform-s100000-ss10-u50-dedup-raw.txt,allpairs,jaccard,0.8,set_sim_join_nostat,184,,,,,,,,,,,,,128,0,3276,,,,,,,,,,,,,,,,,,,,,
/u/zhengw14/data/uniform-s100000-ss10-u50-dedup-raw.txt,ppjoin,jaccard,0.5,set_sim_join_nostat,262364,,,,,,,,,,,,,132,0,43748,,,,,,,,,,,,,,,,,,,,,
/u/zhengw14/data/uniform-s100000-ss10-u50-dedup-raw.txt,ppjoin,jaccard,0.8,set_sim_join_nostat,184,,,,,,,,,,,,,132,0,2832,,,,,,,,,,,,,,,,,,,,,
/u/zhengw14/data/uniform-s100000-ss10-u50-dedup-raw.txt,allpairs,jaccard,0.85,set_sim_join_nostat,19,,,,,,,,,,,,,128,0,900,,,,,,,,,,,,,,,,,,,,,
/u/zhengw14/data/uniform-s100000-ss10-u50-dedup-raw.txt,ppjoin,jaccard,0.75,set_sim_join_ext_stat,591,312555,448994615,237746192,237746192,2417,6001,1182,261438074,4951877680,475491202,,69711282,128,0,5944,,,,,,,,,,,,,,,,,,,,,
/u/zhengw14/data/uniform-s100000-ss10-u50-dedup-raw.txt,allpairs,jaccard,0.85,set_sim_join_ext_stat,19,200787,74133098,73679933,73679933,120,267,38,87432669,1548555574,147359828,,10607273,128,0,1076,,,,,,,,,,,,,,,,,,,,,
/u/zhengw14/data/uniform-s100000-ss10-u50-dedup-raw.txt,allpairs,jaccard,0.55,set_sim_join_nostat,42848,,,,,,,,,,,,,132,0,30716,,,,,,,,,,,,,,,,,,,,,
/u/zhengw14/data/uniform-s100000-ss10-u50-dedup-raw.txt,groupjoin,jaccard,0.6,set_sim_join_nostat,15413,,,,,,,,,,,,,128,0,21504,,,,,,,,,,,,,,,,,,,,,
/u/zhengw14/data/uniform-s100000-ss10-u50-dedup-raw.txt,mpjoin,jaccard,0.9,set_sim_join_nostat,0,,,,,,,,,,,,,128,0,652,,,,,,,,,,,,,,,,,,,,,
/u/zhengw14/data/uniform-s100000-ss10-u50-dedup-raw.txt,mpjoin_PEL,jaccard,0.95,set_sim_join_ext_stat,0,100281,11447920,11447920,11447920,,,,12582715,210587041,22895840,,,128,0,236,,,,,,,,,,,,,,,,,,,,,
/u/zhengw14/data/uniform-s100000-ss10-u50-dedup-raw.txt,PPjoin+,jaccard,0.9,set_sim_join_candonly,0,,,,,,,,,,,,,128,0,716,,,,,,,,,,,,,,,,,,,,,
/u/zhengw14/data/uniform-s100000-ss10-u50-dedup-raw.txt,ppjoin,jaccard,0.65,set_sim_join_candonly,0,,,,,,,,,,,,,132,0,7056,,,,,,,,,,,,,,,,,,,,,
/u/zhengw14/data/uniform-s100000-ss10-u50-dedup-raw.txt,PPjoin+,jaccard,0.85,set_sim_join_nostat,19,,,,,,,,,,,,,128,0,1356,,,,,,,,,,,,,,,,,,,,,
/u/zhengw14/data/uniform-s100000-ss10-u50-dedup-raw.txt,mpjoin,jaccard,0.75,set_sim_join_ext_stat,591,312555,446636284,237746192,237746192,2452,6001,1182,384593647,4951877680,475491202,,3522991,128,0,7172,,,,,,,,,,,,,,,,,,,,,
/u/zhengw14/data/uniform-s100000-ss10-u50-dedup-raw.txt,adaptjoin,jaccard,0.8,set_sim_join_nostat,184,,,,,,,,,,,,,128,0,3248,,,,,,,,,,,,,,,,,,,,,
/u/zhengw14/data/uniform-s100000-ss10-u50-dedup-raw.txt,mpjoin,jaccard,0.5,set_sim_join_ext_stat,262364,574948,2257743492,1369244615,1369244615,1622581,4342213,524728,3238647446,29210688660,2737964502,559,94362460,132,0,55992,,,,,,,,,,,,,,,,,,,,,
/u/zhengw14/data/uniform-s100000-ss10-u50-dedup-raw.txt,mpjoin,jaccard,0.9,set_sim_join_ext_stat,0,154493,36862704,36860217,36860217,,,,47889663,762035835,73720434,,,132,0,720,,,,,,,,,,,,,,,,,,,,,
/u/zhengw14/data/uniform-s100000-ss10-u50-dedup-raw.txt,mpjoin,jaccard,0.55,set_sim_join_candonly,0,,,,,,,,,,,,,128,0,18704,,,,,,,,,,,,,,,,,,,,,
/u/zhengw14/data/uniform-s100000-ss10-u50-dedup-raw.txt,adaptjoin,jaccard,0.55,set_sim_join_candonly,0,,,,,,,,,,,,,128,0,20336,,,,,,,,,,,,,,,,,,,,,
/u/zhengw14/data/uniform-s100000-ss10-u50-dedup-raw.txt,allpairs,jaccard,0.65,set_sim_join_ext_stat,3962,400261,949988864,865985056,865985056,19748,48898,7924,839413985,18610517330,1731962188,,522026846,128,0,16640,,,,,,,,,,,,,,,,,,,,,
/u/zhengw14/data/uniform-s100000-ss10-u50-dedup-raw.txt,PPjoin+,jaccard,0.9,set_sim_join_nostat,0,,,,,,,,,,,,,128,0,716,,,,,,,,,,,,,,,,,,,,,
/u/zhengw14/data/uniform-s100000-ss10-u50-dedup-raw.txt,ppjoin,jaccard,0.55,set_sim_join_nostat,42848,,,,,,,,,,,,,132,0,28400,,,,,,,,,,,,,,,,,,,,,
/u/zhengw14/data/uniform-s100000-ss10-u50-dedup-raw.txt,mpjoin_PEL,jaccard,0.9,set_sim_join_ext_stat,0,154493,36861358,36860217,36860217,,,,47889669,762035835,73720434,,,124,0,724,,,,,,,,,,,,,,,,,,,,,
/u/zhengw14/data/uniform-s100000-ss10-u50-dedup-raw.txt,ppjoin,jaccard,0.85,set_sim_join_candonly,0,,,,,,,,,,,,,128,0,536,,,,,,,,,,,,,,,,,,,,,
/u/zhengw14/data/uniform-s100000-ss10-u50-dedup-raw.txt,adaptjoin,jaccard,0.8,set_sim_join_candonly,0,,,,,,,,,,,,,128,0,2916,,,,,,,,,,,,,,,,,,,,,
/u/zhengw14/data/uniform-s100000-ss10-u50-dedup-raw.txt,groupjoin,jaccard,0.85,set_sim_join_candonly,0,,,,,,,,,,,,,128,0,56,,,,,,,,,,,,,,,,,,,,,
/u/zhengw14/data/uniform-s100000-ss10-u50-dedup-raw.txt,PPjoin+,jaccard,0.85,set_sim_join_ext_stat,19,200787,74133098,102475,102475,120,267,38,139631,2625451,204912,,3343,128,0,1364,,,,,,,,,,,,,,,,,,,,,
/u/zhengw14/data/uniform-s100000-ss10-u50-dedup-raw.txt,ppjoin,jaccard,0.95,set_sim_join_nostat,0,,,,,,,,,,,,,132,0,184,,,,,,,,,,,,,,,,,,,,,
/u/zhengw14/data/uniform-s100000-ss10-u50-dedup-raw.txt,groupjoin,jaccard,0.7,set_sim_join_candonly,0,,,,,,,,,,,,,128,0,2176,,,,,,,,,,,,,,,,,,,,,
/u/zhengw14/data/uniform-s100000-ss10-u50-dedup-raw.txt,mpjoin_PEL,jaccard,0.5,set_sim_join_ext_stat,262364,574948,2043827866,1369244615,1369244615,1651112,4342213,524728,3471033598,29210688660,2737964502,559,,132,0,55968,,,,,,,,,,,,,,,,,,,,,
/u/zhengw14/data/uniform-s100000-ss10-u50-dedup-raw.txt,mpjoin_PEL,jaccard,0.6,set_sim_join_ext_stat,15413,459967,1176585833,759733322,759733322,87817,217218,30826,1588119507,16177347053,1519435818,,,132,0,26708,,,,,,,,,,,,,,,,,,,,,
/u/zhengw14/data/uniform-s100000-ss10-u50-dedup-raw.txt,groupjoin,jaccard,0.65,set_sim_join_ext_stat,3962,340656,665316870,335206842,500005333,19040,48898,7924,543712750,10577743348,1000002742,,196566570,132,0,13508,,,,,,,,,,,,,,,,,,,,,
/u/zhengw14/data/uniform-s100000-ss10-u50-dedup-raw.txt,ppjoin,jaccard,0.65,set_sim_join_nostat,3962,,,,,,,,,,,,,132,0,12564,,,,,,,,,,,,,,,,,,,,,
/u/zhengw14/data/uniform-s100000-ss10-u50-dedup-raw.txt,groupjoin,jaccard,0.85,set_sim_join_ext_stat,19,63488,6872393,3713628,64282247,120,267,38,82599772,1280579061,128564456,,2635029,132,0,652,,,,,,,,,,,,,,,,,,,,,
/u/zhengw14/data/uniform-s100000-ss10-u50-dedup-raw.txt,adaptjoin,jaccard,0.55,set_sim_join_nostat,42848,,,,,,,,,,,,,132,0,22224,,,,,,,,,,,,,,,,,,,,,
/u/zhengw14/data/uniform-s100000-ss10-u50-dedup-raw.txt,allpairs,jaccard,0.95,set_sim_join_nostat,0,,,,,,,,,,,,,128,0,152,,,,,,,,,,,,,,,,,,,,,
/u/zhengw14/data/uniform-s100000-ss10-u50-dedup-raw.txt,ppjoin,jaccard,0.75,set_sim_join_nostat,591,,,,,,,,,,,,,132,0,5216,,,,,,,,,,,,,,,,,,,,,
/u/zhengw14/data/uniform-s100000-ss10-u50-dedup-raw.txt,mpjoin,jaccard,0.95,set_sim_join_ext_stat,0,100281,11447920,11447920,11447920,,,,12582715,210587041,22895840,,,128,0,236,,,,,,,,,,,,,,,,,,,,,
/u/zhengw14/data/uniform-s100000-ss10-u50-dedup-raw.txt,adaptjoin,jaccard,0.85,set_sim_join_candonly,0,,,,,,,,,,,,,132,0,880,,,,,,,,,,,,,,,,,,,,,
/u/zhengw14/data/uniform-s100000-ss10-u50-dedup-raw.txt,allpairs,jaccard,0.7,set_sim_join_nostat,1308,,,,,,,,,,,,,128,0,9336,,,,,,,,,,,,,,,,,,,,,
/u/zhengw14/data/uniform-s100000-ss10-u50-dedup-raw.txt,PPjoin+,jaccard,0.5,set_sim_join_nostat,262364,,,,,,,,,,,,,128,0,78604,,,,,,,,,,,,,,,,,,,,,
/u/zhengw14/data/uniform-s100000-ss10-u50-dedup-raw.txt,mpjoin,jaccard,0.6,set_sim_join_ext_stat,15413,459967,1327013535,759733322,759733322,87412,217218,30826,1492010740,16177347053,1519435818,,43631184,112,0,27440,,,,,,,,,,,,,,,,,,,,,
/u/zhengw14/data/uniform-s100000-ss10-u50-dedup-raw.txt,allpairs,jaccard,0.8,set_sim_join_ext_stat,184,259972,257153494,249941309,249941309,806,1910,368,194189129,5350138039,499882250,,126987426,128,0,3956,,,,,,,,,,,,,,,,,,,,,
/u/zhengw14/data/uniform-s100000-ss10-u50-dedup-raw.txt,PPjoin+,jaccard,0.95,set_sim_join_nostat,0,,,,,,,,,,,,,124,0,220,,,,,,,,,,,,,,,,,,,,,
/u/zhengw14/data/uniform-s100000-ss10-u50-dedup-raw.txt,mpjoin,jaccard,0.55,set_sim_join_nostat,42848,,,,,,,,,,,,,132,0,34416,,,,,,,,,,,,,,,,,,,,,
/u/zhengw14/data/uniform-s100000-ss10-u50-dedup-raw.txt,PPjoin+,jaccard,0.5,set_sim_join_ext_stat,262364,574948,2464480237,238859782,238859782,1512881,4342213,524728,406180489,5520874615,477194836,559,92668585,132,0,79800,,,,,,,,,,,,,,,,,,,,,
/u/zhengw14/data/uniform-s100000-ss10-u50-dedup-raw.txt,mpjoin,jaccard,0.65,set_sim_join_candonly,0,,,,,,,,,,,,,128,0,9352,,,,,,,,,,,,,,,,,,,,,
/u/zhengw14/data/uniform-s100000-ss10-u50-dedup-raw.txt,mpjoin_PEL,jaccard,0.8,set_sim_join_candonly,0,,,,,,,,,,,,,132,0,2056,,,,,,,,,,,,,,,,,,,,,
/u/zhengw14/data/uniform-s100000-ss10-u50-dedup-raw.txt,PPjoin+,jaccard,0.95,set_sim_join_ext_stat,0,100281,11447920,2501,2501,,,,2897,49073,5002,,,128,0,224,,,,,,,,,,,,,,,,,,,,,
/u/zhengw14/data/uniform-s100000-ss10-u50-dedup-raw.txt,ppjoin,jaccard,0.8,set_sim_join_ext_stat,184,259972,257153494,138298194,138298194,804,1910,368,152581799,2846041914,276596020,,33154906,132,0,3168,,,,,,,,,,,,,,,,,,,,,
/u/zhengw14/data/uniform-s100000-ss10-u50-dedup-raw.txt,ppjoin,jaccard,0.7,set_sim_join_nostat,1308,,,,,,,,,,,,,128,0,8352,,,,,,,,,,,,,,,,,,,,,
/u/zhengw14/data/uniform-s100000-ss10-u50-dedup-raw.txt,mpjoin,jaccard,0.65,set_sim_join_ext_stat,3962,400261,894255543,500005333,500005333,19871,48898,7924,899526957,10577743348,1000002742,,21995341,132,0,16764,,,,,,,,,,,,,,,,,,,,,
/u/zhengw14/data/uniform-s100000-ss10-u50-dedup-raw.txt,ppjoin,jaccard,0.75,set_sim_join_candonly,0,,,,,,,,,,,,,140,0,3008,,,,,,,,,,,,,,,,,,,,,
/u/zhengw14/data/uniform-s100000-ss10-u50-dedup-raw.txt,adaptjoin,jaccard,0.6,set_sim_join_nostat,15413,,,,,,,,,,,,,132,0,17952,,,,,,,,,,,,,,,,,,,,,
/u/zhengw14/data/uniform-s100000-ss10-u50-dedup-raw.txt,mpjoin,jaccard,0.85,set_sim_join_nostat,19,,,,,,,,,,,,,112,0,1216,,,,,,,,,,,,,,,,,,,,,
/u/zhengw14/data/uniform-s100000-ss10-u50-dedup-raw.txt,allpairs,jaccard,0.9,set_sim_join_ext_stat,0,154493,36862704,36862621,36862621,,,,47892286,762134304,73725242,,3102,124,0,536,,,,,,,,,,,,,,,,,,,,,
/u/zhengw14/data/uniform-s100000-ss10-u50-dedup-raw.txt,groupjoin,jaccard,0.55,set_sim_join_nostat,42848,,,,,,,,,,,,,132,0,29368,,,,,,,,,,,,,,,,,,,,,
/u/zhengw14/data/uniform-s100000-ss10-u50-dedup-raw.txt,mpjoin_PEL,jaccard,0.75,set_sim_join_candonly,0,,,,,,,,,,,,,132,0,3772,,,,,,,,,,,,,,,,,,,,,
/u/zhengw14/data/uniform-s100000-ss10-u50-dedup-raw.txt,mpjoin_PEL,jaccard,0.55,set_sim_join_ext_stat,42848,501092,1463990083,962099628,962099628,252876,638512,85696,2164127757,20656868101,1924113560,,,132,0,35636,,,,,,,,,,,,,,,,,,,,,
/u/zhengw14/data/uniform-s100000-ss10-u50-dedup-raw.txt,groupjoin,jaccard,0.55,set_sim_join_ext_stat,42848,481670,1665787639,891301205,962099628,236363,638512,85696,1103467402,20656868101,1924113560,,450363467,132,0,33300,,,,,,,,,,,,,,,,,,,,,
/u/zhengw14/data/uniform-s100000-ss10-u50-dedup-raw.txt,ppjoin,jaccard,0.7,set_sim_join_ext_stat,1308,356675,650249961,352393340,352393340,6539,16131,2616,398233820,7361827982,704784064,,113276397,132,0,9268,,,,,,,,,,,,,,,,,,,,,
/u/zhengw14/data/uniform-s100000-ss10-u50-dedup-raw.txt,PPjoin+,jaccard,0.6,set_sim_join_ext_stat,15413,459967,1460925800,62619312,62619312,83094,217218,30826,86310628,1458447266,125207798,,22211192,128,0,34168,,,,,,,,,,,,,,,,,,,,,
/u/zhengw14/data/uniform-s100000-ss10-u50-dedup-raw.txt,allpairs,jaccard,0.5,set_sim_join_ext_stat,262364,574948,2464480237,1984421651,1984421651,1733743,4342213,524728,3062243092,42302753444,3968318574,559,1216603893,128,0,52108,,,,,,,,,,,,,,,,,,,,,
/u/zhengw14/data/uniform-s100000-ss10-u50-dedup-raw.txt,mpjoin_PEL,jaccard,0.65,set_sim_join_ext_stat,3962,400261,786532250,500005333,500005333,19904,48898,7924,946623307,10577743348,1000002742,,,132,0,15844,,,,,,,,,,,,,,,,,,,,,
/u/zhengw14/data/uniform-s100000-ss10-u50-dedup-raw.txt,groupjoin,jaccard,0.95,set_sim_join_candonly,0,,,,,,,,,,,,,128,0,0,,,,,,,,,,,,,,,,,,,,,
/u/zhengw14/data/uniform-s100000-ss10-u50-dedup-raw.txt,groupjoin,jaccard,0.75,set_sim_join_nostat,591,,,,,,,,,,,,,124,0,3476,,,,,,,,,,,,,,,,,,,,,
/u/zhengw14/data/uniform-s100000-ss10-u50-dedup-raw.txt,groupjoin,jaccard,0.95,set_sim_join_ext_stat,0,2856,1234,1234,11447920,,,,12582693,210587041,22895840,,,132,0,112,,,,,,,,,,,,,,,,,,,,,
/u/zhengw14/data/uniform-s100000-ss10-u50-dedup-raw.txt,PPjoin+,jaccard,0.75,set_sim_join_nostat,591,,,,,,,,,,,,,128,0,7468,,,,,,,,,,,,,,,,,,,,,
/u/zhengw14/data/uniform-s100000-ss10-u50-dedup-raw.txt,mpjoin_PEL,jaccard,0.95,set_sim_join_nostat,0,,,,,,,,,,,,,128,0,212,,,,,,,,,,,,,,,,,,,,,
/u/zhengw14/data/uniform-s100000-ss10-u50-dedup-raw.txt,PPjoin+,jaccard,0.75,set_sim_join_candonly,0,,,,,,,,,,,,,132,0,7456,,,,,,,,,,,,,,,,,,,,,
/u/zhengw14/data/uniform-s100000-ss10-u50-dedup-raw.txt,mpjoin_PEL,jaccard,0.85,set_sim_join_nostat,19,,,,,,,,,,,,,128,0,1164,,,,,,,,,,,,,,,,,,,,,
/u/zhengw14/data/uniform-s100000-ss10-u50-dedup-raw.txt,adaptjoin,jaccard,0.65,set_sim_join_candonly,0,,,,,,,,,,,,,132,0,10688,,,,,,,,,,,,,,,,,,,,,
/u/zhengw14/data/uniform-s100000-ss10-u50-dedup-raw.txt,ppjoin,jaccard,0.6,set_sim_join_ext_stat,15413,459967,1460925800,759733322,759733322,83094,217218,30826,807278946,16177347053,1519435818,,353601135,132,0,23576,,,,,,,,,,,,,,,,,,,,,
/u/zhengw14/data/uniform-s100000-ss10-u50-dedup-raw.txt,PPjoin+,jaccard,0.6,set_sim_join_nostat,15413,,,,,,,,,,,,,132,0,33636,,,,,,,,,,,,,,,,,,,,,
/u/zhengw14/data/uniform-s100000-ss10-u50-dedup-raw.txt,mpjoin,jaccard,0.8,set_sim_join_nostat,184,,,,,,,,,,,,,128,0,3616,,,,,,,,,,,,,,,,,,,,,
/u/zhengw14/data/uniform-s100000-ss10-u50-dedup-raw.txt,allpairs,jaccard,0.9,set_sim_join_nostat,0,,,,,,,,,,,,,128,0,444,,,,,,,,,,,,,,,,,,,,,
/u/zhengw14/data/uniform-s100000-ss10-u50-dedup-raw.txt,PPjoin+,jaccard,0.75,set_sim_join_ext_stat,591,312555,448994615,4338374,4338374,2417,6001,1182,6061188,100089384,8675566,,295986,132,0,7564,,,,,,,,,,,,,,,,,,,,,
/u/zhengw14/data/uniform-s100000-ss10-u50-dedup-raw.txt,adaptjoin,jaccard,0.5,set_sim_join_ext_stat,262364,4224289,5454911646,1984421651,18868256,901167,3514179,398378,80981117,406615496,37211784,,,132,0,31060,354,8011,27030,34516,21133,7137,1526,228,,,,,,,,,,,,,
/u/zhengw14/data/uniform-s100000-ss10-u50-dedup-raw.txt,PPjoin+,jaccard,0.8,set_sim_join_ext_stat,184,259972,257153494,1125926,1125926,804,1910,368,1478778,25820760,2251484,,37643,128,0,4012,,,,,,,,,,,,,,,,,,,,,
/u/zhengw14/data/uniform-s100000-ss10-u50-dedup-raw.txt,mpjoin,jaccard,0.95,set_sim_join_nostat,0,,,,,,,,,,,,,128,0,220,,,,,,,,,,,,,,,,,,,,,
/u/zhengw14/data/uniform-s100000-ss10-u50-dedup-raw.txt,ppjoin,jaccard,0.65,set_sim_join_ext_stat,3962,400261,949988864,500005333,500005333,19129,48898,7924,543750640,10577743348,1000002742,,196566570,128,0,14112,,,,,,,,,,,,,,,,,,,,,
/u/zhengw14/data/uniform-s100000-ss10-u50-dedup-raw.txt,mpjoin,jaccard,0.6,set_sim_join_nostat,15413,,,,,,,,,,,,,132,0,25956,,,,,,,,,,,,,,,,,,,,,
/u/zhengw14/data/uniform-s100000-ss10-u50-dedup-raw.txt,groupjoin,jaccard,0.8,set_sim_join_nostat,184,,,,,,,,,,,,,128,0,1424,,,,,,,,,,,,,,,,,,,,,
/u/zhengw14/data/uniform-s100000-ss10-u50-dedup-raw.txt,groupjoin,jaccard,0.5,set_sim_join_ext_stat,262364,568120,2409808657,1338055015,1369244615,1512153,4342213,524728,1726011165,29210688660,2737964502,831,661903168,132,0,51468,,,,,,,,,,,,,,,,,,,,,
/u/zhengw14/data/uniform-s100000-ss10-u50-dedup-raw.txt,ppjoin,jaccard,0.95,set_sim_join_ext_stat,0,100281,11447920,11447920,11447920,,,,12582715,210587041,22895840,,,132,0,212,,,,,,,,,,,,,,,,,,,,,
/u/zhengw14/data/uniform-s100000-ss10-u50-dedup-raw.txt,mpjoin_PEL,jaccard,0.75,set_sim_join_ext_stat,591,312555,388332262,237746192,237746192,2454,6001,1182,392721060,4951877680,475491202,,,132,0,6772,,,,,,,,,,,,,,,,,,,,,
/u/zhengw14/data/uniform-s100000-ss10-u50-dedup-raw.txt,groupjoin,jaccard,0.9,set_sim_join_candonly,0,,,,,,,,,,,,,128,0,8,,,,,,,,,,,,,,,,,,,,,
/u/zhengw14/data/uniform-s100000-ss10-u50-dedup-raw.txt,adaptjoin,jaccard,0.7,set_sim_join_ext_stat,1308,2466305,1828576608,611205083,9614563,4833,16117,2612,24717806,203736687,19226510,,,132,0,8316,1677,19475,52886,21842,3730,312,13,,,,,,,,,,,,,,
/u/zhengw14/data/uniform-s100000-ss10-u50-dedup-raw.txt,mpjoin_PEL,jaccard,0.6,set_sim_join_nostat,15413,,,,,,,,,,,,,132,0,24264,,,,,,,,,,,,,,,,,,,,,
/u/zhengw14/data/uniform-s100000-ss10-u50-dedup-raw.txt,mpjoin_PEL,jaccard,0.85,set_sim_join_candonly,0,,,,,,,,,,,,,132,0,700,,,,,,,,,,,,,,,,,,,,,
/u/zhengw14/data/uniform-s100000-ss10-u50-dedup-raw.txt,mpjoin,jaccard,0.5,set_sim_join_nostat,262364,,,,,,,,,,,,,132,0,53088,,,,,,,,,,,,,,,,,,,,,
/u/zhengw14/data/uniform-s100000-ss10-u50-dedup-raw.txt,mpjoin,jaccard,0.95,set_sim_join_candonly,0,,,,,,,,,,,,,128,0,140,,,,,,,,,,,,,,,,,,,,,
/u/zhengw14/data/uniform-s100000-ss10-u50-dedup-raw.txt,allpairs,jaccard,0.55,set_sim_join_candonly,0,,,,,,,,,,,,,116,0,10512,,,,,,,,,,,,,,,,,,,,,
/u/zhengw14/data/uniform-s100000-ss10-u50-dedup-raw.txt,mpjoin,jaccard,0.9,set_sim_join_candonly,0,,,,,,,,,,,,,128,0,392,,,,,,,,,,,,,,,,,,,,,
/u/zhengw14/data/uniform-s100000-ss10-u50-dedup-raw.txt,allpairs,jaccard,0.85,set_sim_join_candonly,0,,,,,,,,,,,,,128,0,304,,,,,,,,,,,,,,,,,,,,,
/u/zhengw14/data/uniform-s100000-ss10-u50-dedup-raw.txt,adaptjoin,jaccard,0.95,set_sim_join_nostat,0,,,,,,,,,,,,,132,0,196,,,,,,,,,,,,,,,,,,,,,
/u/zhengw14/data/uniform-s100000-ss10-u50-dedup-raw.txt,allpairs,jaccard,0.75,set_sim_join_candonly,0,,,,,,,,,,,,,136,0,2112,,,,,,,,,,,,,,,,,,,,,
/u/zhengw14/data/uniform-s100000-ss10-u50-dedup-raw.txt,mpjoin_PEL,jaccard,0.95,set_sim_join_candonly,0,,,,,,,,,,,,,128,0,136,,,,,,,,,,,,,,,,,,,,,
/u/zhengw14/data/uniform-s100000-ss10-u50-dedup-raw.txt,groupjoin,jaccard,0.6,set_sim_join_ext_stat,15413,425681,1250238951,637757721,759733322,82747,217218,30826,807262912,16177347053,1519435818,,353601135,128,0,24324,,,,,,,,,,,,,,,,,,,,,
/u/zhengw14/data/uniform-s100000-ss10-u50-dedup-raw.txt,PPjoin+,jaccard,0.9,set_sim_join_ext_stat,0,154493,36862704,16515,16515,,,,25441,362217,33030,,,128,0,720,,,,,,,,,,,,,,,,,,,,,
/u/zhengw14/data/uniform-s100000-ss10-u50-dedup-raw.txt,adaptjoin,jaccard,0.5,set_sim_join_candonly,0,,,,,,,,,,,,,128,0,28396,,,,,,,,,,,,,,,,,,,,,
/u/zhengw14/data/uniform-s100000-ss10-u50-dedup-raw.txt,mpjoin_PEL,jaccard,0.8,set_sim_join_ext_stat,184,259972,219728237,138298194,138298194,805,1910,368,210712727,2846041914,276596020,,,132,0,3636,,,,,,,,,,,,,,,,,,,,,
/u/zhengw14/data/uniform-s100000-ss10-u50-dedup-raw.txt,PPjoin+,jaccard,0.8,set_sim_join_nostat,184,,,,,,,,,,,,,128,0,4140,,,,,,,,,,,,,,,,,,,,,
/u/zhengw14/data/uniform-s100000-ss10-u50-dedup-raw.txt,adaptjoin,jaccard,0.7,set_sim_join_nostat,1308,,,,,,,,,,,,,128,0,8092,,,,,,,,,,,,,,,,,,,,,
/u/zhengw14/data/uniform-s100000-ss10-u50-dedup-raw.txt,groupjoin,jaccard,0.75,set_sim_join_ext_stat,591,207561,155744794,76439346,237746192,2413,6001,1182,261293290,4951877680,475491202,,69711282,132,0,4280,,,,,,,,,,,,,,,,,,,,,
/u/zhengw14/data/uniform-s100000-ss10-u50-dedup-raw.txt,groupjoin,jaccard,0.85,set_sim_join_nostat,19,,,,,,,,,,,,,128,0,468,,,,,,,,,,,,,,,,,,,,,
/u/zhengw14/data/uniform-s100000-ss10-u50-dedup-raw.txt,allpairs,jaccard,0.95,set_sim_join_candonly,0,,,,,,,,,,,,,128,0,56,,,,,,,,,,,,,,,,,,,,,
/u/zhengw14/data/uniform-s100000-ss10-u50-dedup-raw.txt,allpairs,jaccard,0.6,set_sim_join_candonly,0,,,,,,,,,,,,,128,0,8200,,,,,,,,,,,,,,,,,,,,,
/u/zhengw14/data/uniform-s100000-ss10-u50-dedup-raw.txt,adaptjoin,jaccard,0.75,set_sim_join_ext_stat,591,2128873,1342387262,430267018,7533452,1826,5987,1178,17384860,161956094,15065722,,,132,0,5664,2404,25454,54363,16271,1364,79,,,,,,,,,,,,,,,
/u/zhengw14/data/uniform-s100000-ss10-u50-dedup-raw.txt,groupjoin,jaccard,0.95,set_sim_join_nostat,0,,,,,,,,,,,,,128,0,72,,,,,,,,,,,,,,,,,,,,,
/u/zhengw14/data/uniform-s100000-ss10-u50-dedup-raw.txt,mpjoin_PEL,jaccard,0.65,set_sim_join_nostat,3962,,,,,,,,,,,,,128,0,14380,,,,,,,,,,,,,,,,,,,,,
/u/zhengw14/data/uniform-s100000-ss10-u50-dedup-raw.txt,adaptjoin,jaccard,0.75,set_sim_join_nostat,591,,,,,,,,,,,,,132,0,5536,,,,,,,,,,,,,,,,,,,,,
/u/zhengw14/data/uniform-s100000-ss10-u50-dedup-raw.txt,mpjoin_PEL,jaccard,0.5,set_sim_join_nostat,262364,,,,,,,,,,,,,136,0,50384,,,,,,,,,,,,,,,,,,,,,
/u/zhengw14/data/uniform-s100000-ss10-u50-dedup-raw.txt,mpjoin,jaccard,0.7,set_sim_join_candonly,0,,,,,,,,,,,,,128,0,6316,,,,,,,,,,,,,,,,,,,,,
/u/zhengw14/data/uniform-s100000-ss10-u50-dedup-raw.txt,ppjoin,jaccard,0.55,set_sim_join_ext_stat,42848,501092,1790339151,962099628,962099628,236859,638512,85696,1103473827,20656868101,1924113560,,450363467,132,0,30856,,,,,,,,,,,,,,,,,,,,,
/u/zhengw14/data/uniform-s100000-ss10-u50-dedup-raw.txt,mpjoin,jaccard,0.8,set_sim_join_ext_stat,184,259972,257140682,138298194,138298194,805,1910,368,209535984,2846041914,276596020,,269884,128,0,3948,,,,,,,,,,,,,,,,,,,,,
/u/zhengw14/data/uniform-s100000-ss10-u50-dedup-raw.txt,adaptjoin,jaccard,0.65,set_sim_join_nostat,3962,,,,,,,,,,,,,128,0,11900,,,,,,,,,,,,,,,,,,,,,
/u/zhengw14/data/uniform-s100000-ss10-u50-dedup-raw.txt,adaptjoin,jaccard,0.65,set_sim_join_ext_stat,3962,2839859,2479104094,865985056,10493240,13359,47444,7380,29520328,223219830,20978556,,,132,0,12128,1026,14958,47738,28079,7325,742,66,1,,,,,,,,,,,,,
/u/zhengw14/data/uniform-s100000-ss10-u50-dedup-raw.txt,ppjoin,jaccard,0.5,set_sim_join_candonly,0,,,,,,,,,,,,,132,0,22104,,,,,,,,,,,,,,,,,,,,,
/u/zhengw14/data/uniform-s100000-ss10-u50-dedup-raw.txt,adaptjoin,jaccard,0.9,set_sim_join_nostat,0,,,,,,,,,,,,,128,0,532,,,,,,,,,,,,,,,,,,,,,
/u/zhengw14/data/uniform-s100000-ss10-u50-dedup-raw.txt,mpjoin,jaccard,0.85,set_sim_join_candonly,0,,,,,,,,,,,,,128,0,744,,,,,,,,,,,,,,,,,,,,,
/u/zhengw14/data/uniform-s100000-ss10-u50-dedup-raw.txt,ppjoin,jaccard,0.95,set_sim_join_candonly,0,,,,,,,,,,,,,128,0,104,,,,,,,,,,,,,,,,,,,,,
/u/zhengw14/data/uniform-s100000-ss10-u50-dedup-raw.txt,PPjoin+,jaccard,0.65,set_sim_join_nostat,3962,,,,,,,,,,,,,132,0,19000,,,,,,,,,,,,,,,,,,,,,
/u/zhengw14/data/uniform-s100000-ss10-u50-dedup-raw.txt,ppjoin,jaccard,0.85,set_sim_join_nostat,19,,,,,,,,,,,,,128,0,1016,,,,,,,,,,,,,,,,,,,,,
/u/zhengw14/data/uniform-s100000-ss10-u50-dedup-raw.txt,groupjoin,jaccard,0.8,set_sim_join_candonly,0,,,,,,,,,,,,,136,0,284,,,,,,,,,,,,,,,,,,,,,
/u/zhengw14/data/uniform-s100000-ss10-u50-dedup-raw.txt,mpjoin_PEL,jaccard,0.6,set_sim_join_candonly,0,,,,,,,,,,,,,132,0,13084,,,,,,,,,,,,,,,,,,,,,
/u/zhengw14/data/uniform-s100000-ss10-u50-dedup-raw.txt,mpjoin,jaccard,0.6,set_sim_join_candonly,0,,,,,,,,,,,,,136,0,14648,,,,,,,,,,,,,,,,,,,,,
/u/zhengw14/data/uniform-s100000-ss10-u50-dedup-raw.txt,mpjoin,jaccard,0.55,set_sim_join_ext_stat,42848,501092,1632443714,962099628,962099628,250799,638512,85696,2024024464,20656868101,1924113560,,61470702,132,0,36784,,,,,,,,,,,,,,,,,,,,,
